<?xml version="1.0" encoding="UTF-8"?>
<!DOCTYPE suite SYSTEM "https://testng.org/testng-1.0.dtd">
<suite name="Suite1" parallel="tests" thread-count="3">
    <test name="test1">
        <parameter name="browser" value="chrome"></parameter>
        <classes>
            <class name="tests.AmazonTests">
                <methods>
                    <include name="setUpTest" />
                </methods>
            </class>
        </classes>
    </test> <!-- Test -->

    <test name="test2">
        <parameter name="browser" value="ie"></parameter>
        <classes>
            <class name="tests.AmazonTests">
                <methods>
                    <include name="setUpTest" />
                </methods>
            </class>
        </classes>
    </test> <!-- Test -->


</suite> <!-- Suite1 -->
