<?xml version="1.0" encoding="UTF-8"?>
<!DOCTYPE suite SYSTEM "https://testng.org/testng-1.0.dtd">
<suite name="Suite" parallel = "tests" thread-count="3" >
 <test name="test1">
	  <parameter name="browser" value="chrome"></parameter>
    <classes>
      <class name="tests.AmazonTests"/>
		<!-- <class name="tests.ScreenshotListner"/>-->
    </classes>
  </test> <!-- Test -->
  
  <test name="test2">
	  <parameter name="browser" value="ie"></parameter>
    <classes>
      <class name="tests.AmazonTests"/>
		<!-- <class name="tests.ScreenshotListner"/>-->
    </classes>
  </test> <!-- Test -->
  
  <test name="test3">
	  <parameter name="browser" value="firefox"></parameter>
    <classes>
      <class name="tests.AmazonTests"/>
		<!-- <class name="tests.ScreenshotListner"/>-->
    </classes>
  </test> <!-- Test -->
  
  
</suite> <!-- Suite -->
