<?xml version="1.0" encoding="UTF-8"?>
<Configuration status="WARN" strict="true">
	<Appenders>
		<Appender type="Console" name="STDOUT">
			<Layout type="PatternLayout"
				pattern="%d{HH:mm:ss.SSS} [%t]%-5level %logger{36} - %msg%n" />
		</Appender>

		<Appender type="File" name="file" fileName="C:\Users\yashrai\OneDrive - Nagarro\Desktop\Java\Assignment3\test-output\log\app.log">
			<Layout type="PatternLayout"
				pattern="%d{HH:mm:ss.SSS} [%t]%-5level %logger{36} - %msg%n" />
		</Appender>
	</Appenders>


	<Loggers>
		<Root level="all">
			<AppenderRef ref="STDOUT" />
			<AppenderRef ref="file" />
		</Root>
	</Loggers>
</Configuration>